PriceDate,symbol,impvol180,impvol90,impvol10,impvol30,rsi,volume,volume3mo,volume6mo,turnover,turnover3m,turnover6m,liquidity_ratio,volume_op,marketcap,cc30,cencc180,cencc5,cencc10,avgimpliedmove,impvol180theta,cIV180,cIV90,IVE,Forward_RV,industrysubgroup
2023-11-09,ARM,42.1142,39.3041,37.4903,37.7922,62.09,15354467.0,11719342.0,11719342.0,14964.566807509242,11421.749533803353,11421.749533803353,0.5901219380734672,93064.0,52923.9114,53.91,75.56,45.18,41.29,6.051700947686921,40.33749501641197,22.56307252215441,16.742122828661834,47.003,57.47,Electronic Compo-Semicon
2023-11-10,ARM,41.7776,38.8745,36.764,37.4386,62.97,5803942.0,11581774.0,11581774.0,5656.561064404674,11287.675146501184,11287.675146501184,0.41767523345709373,51973.0,53631.8878,50.88,74.7,33.64,41.18,6.051700947686921,39.98594158349983,21.928389401868976,15.707105088144017,48.0255,55.8,Electronic Compo-Semicon
2023-11-13,ARM,41.2562,38.5464,36.0986,36.876,61.7,4524968.0,11421392.0,11421392.0,4413.595448575426,11140.278505305625,11140.278505305625,0.1681217315514236,23147.0,52994.3441,50.51,73.86,33.38,40.1,6.051700947686921,39.44086333993034,20.917945368510733,14.876536994878867,47.5285,55.62,Electronic Compo-Semicon
2023-11-14,ARM,40.4486,37.67,35.1161,35.8583,64.06,3541284.0,11246279.0,11246279.0,3454.122650925218,10969.475205186765,10969.475205186765,0.09711846318036287,13559.0,54778.2529,51.04,73.43,40.49,41.62,6.051700947686921,38.5952964040835,19.27629741314446,12.430418335679608,47.6871,55.69,Electronic Compo-Semicon
2023-11-15,ARM,40.3991,37.6416,35.4052,35.5717,66.54,5821817.0,11128356.0,11128356.0,5678.525069706434,10854.454636863029,10854.454636863029,0.2643152242662396,39282.0,56828.7209,52.59,73.12,38.88,43.2,6.051700947686921,38.54341634273045,19.17221116120933,12.344085651031408,48.806,60.4,Electronic Compo-Semicon
2023-11-16,ARM,41.119,38.2903,37.9905,36.2272,63.8,3291412.0,10961612.0,10961612.0,3210.400771788569,10691.814827449994,10691.814827449994,0.11681552897172154,18114.0,55598.4394,53.07,72.49,40.33,42.82,6.051700947686921,39.297325908502486,20.646030151096838,14.199770212577382,48.7757,59.07,Electronic Compo-Semicon
2023-11-17,ARM,40.3844,37.6104,38.402,35.8688,64.81,3443898.0,10804993.0,10804993.0,3359.133518503975,10539.050271959513,10539.050271959513,0.23785439056071173,32778.0,56377.6194,51.21,71.77,40.43,37.19,6.051700947686921,38.52800833055169,19.141216350065104,12.248615765056865,49.1486,59.55,Electronic Compo-Semicon
2023-11-20,ARM,41.7284,39.8316,41.7004,39.0471,69.24,7808006.0,10743830.0,10743830.0,7615.828244586131,10479.393070270671,10479.393070270671,0.3609215393437561,57275.0,60160.7307,54.34,72.58,60.81,49.05,6.051700947686921,39.934534292001715,21.834508617324087,17.94554982607108,49.1873,59.42,Electronic Compo-Semicon
2023-11-21,ARM,42.3962,40.4166,43.229,39.8489,69.19,5615415.0,10641262.0,10641262.0,5477.203265861338,10379.349519009042,10379.349519009042,0.2672628474205076,45397.0,60140.2263,51.76,71.82,56.09,48.91,6.051700947686921,40.63182788158885,23.085150518027813,19.209059205489478,50.41,55.24,Electronic Compo-Semicon
2023-11-22,ARM,43.0664,41.7791,43.8038,41.7942,72.36,15119683.0,10729074.0,10729074.0,14747.543892897655,10465.000472903235,10465.000472903235,0.7607488568204763,153723.0,63318.4501,52.77,72.04,61.66,51.54,6.051700947686921,41.330648089753694,24.29405707081466,21.931247041835075,49.8308,56.96,Electronic Compo-Semicon
2023-11-23,ARM,42.9285,41.6503,44.0718,41.1548,74.22,6004929.0,10638225.0,10638225.0,5857.130080523333,10376.387073165284,10376.387073165284,0.28209934395501407,49665.0,65491.949,50.24,71.72,64.3,53.67,6.051700947686921,41.18693694375756,24.048752821092403,21.684876990428144,49.8761,54.35,Electronic Compo-Semicon
2023-11-24,ARM,42.9285,41.6503,44.0718,41.1548,74.22,6004929.0,10638225.0,10638225.0,5857.130080523333,10376.387073165284,10376.387073165284,0.28209934395501407,49665.0,65491.949,50.24,71.72,64.3,53.67,6.051700947686921,41.18693694375756,24.048752821092403,21.684876990428144,50.4128,53.34,Electronic Compo-Semicon
2023-11-27,ARM,43.4514,41.7902,40.61,40.1574,67.78,6681872.0,10563577.0,10563577.0,6517.411634807274,10303.576549353611,10303.576549353611,0.22383181163958382,40745.0,62539.274,52.47,71.75,71.48,58.07,6.051700947686921,41.731664530893816,24.970193470616117,21.95238520161305,50.4128,53.34,Electronic Compo-Semicon
2023-11-28,ARM,43.2222,41.2338,38.6423,38.6949,68.75,4106892.0,10444009.0,10444009.0,4005.8095240924667,10186.95176837069,10186.95176837069,0.14573109054808378,27230.0,63482.4874,52.19,71.13,55.64,58.29,6.051700947686921,41.492966095460815,24.569187468046227,20.873731397141242,49.4284,51.04,Electronic Compo-Semicon
2023-11-29,ARM,43.4473,41.5185,39.1519,38.9945,69.07,3642374.0,10320343.0,10320343.0,3552.7246010979566,10066.32939612162,10066.32939612162,0.14691283039416914,28058.0,63779.8062,51.51,70.46,55.74,55.92,6.051700947686921,41.72739555554673,24.963058251945007,21.430637933808693,49.9397,52.87,Electronic Compo-Semicon
2023-11-30,ARM,43.3416,41.5718,40.1433,39.1961,67.3,4833273.0,10222359.0,10222359.0,4714.312049736937,9970.756919883654,9970.756919883654,0.21971806304639888,45138.0,63051.891,50.71,69.85,42.86,53.1,6.051700947686921,41.617327558591036,24.778633750874963,21.533716707526363,50.5187,53.88,Electronic Compo-Semicon
2023-12-01,ARM,44.2367,42.5605,41.8627,40.4463,70.12,5446185.0,10138567.0,10138567.0,5312.138367425106,9889.027043960139,9889.027043960139,0.2559741692981785,46853.0,65512.4542,51.71,69.7,44.74,55.39,6.051700947686921,42.54871666042421,26.31296309597229,23.3855203117228,51.5513,61.52,Electronic Compo-Semicon
2023-12-04,ARM,43.8242,42.4717,40.4719,40.3548,65.32,5012171.0,10050181.0,10050181.0,4888.80682643822,9802.81667958649,9802.81667958649,0.14775233610007138,27734.0,63492.7419,50.54,69.39,37.73,57.15,6.051700947686921,42.119688605200544,25.613412612145215,23.223516118150577,51.5513,61.52,Electronic Compo-Semicon
2023-12-05,ARM,45.4174,46.6009,42.1796,41.7924,67.41,6666904.0,9992837.0,9992837.0,6502.812026994211,9746.884105034775,9746.884105034775,0.2764038895057367,57505.0,65194.6302,51.18,69.0,40.78,48.78,6.051700947686921,43.77496870723109,28.252904678280423,30.118603566732638,51.502,60.29,Electronic Compo-Semicon
2023-12-06,ARM,45.9255,49.1127,44.8924,44.2083,61.49,5434419.0,9916863.0,9916863.0,5300.661977594807,9672.77985762908,9672.77985762908,0.16462466600255096,35365.0,62600.7894,53.01,68.93,49.83,52.87,6.051700947686921,44.30190980995132,29.062655595282408,33.87541440764968,51.2902,59.36,Electronic Compo-Semicon
2023-12-07,ARM,45.7082,47.9867,43.2386,43.3203,63.45,3139112.0,9805753.0,9805753.0,3061.84935994111,9564.405012242512,9564.405012242512,0.07466108592024183,16054.0,64015.6096,51.75,68.5,51.65,47.46,6.051700947686921,44.076606151098574,28.71804219023295,32.22126280718991,50.2309,59.05,Electronic Compo-Semicon
2023-12-08,ARM,47.003,49.5215,46.8315,45.7366,69.19,18815931.0,9951078.0,9951078.0,18352.81511343797,9706.152446743139,9706.152446743139,0.4550897633597959,95618.0,68926.4853,57.47,69.59,68.43,57.81,6.051700947686921,45.417944378395866,30.73708523916996,34.46542270522734,50.3717,64.13,Electronic Compo-Semicon
2023-12-11,ARM,48.0255,49.7372,44.5642,45.7317,64.26,7625495.0,9914164.0,9914164.0,7437.809393416914,9670.147593969416,9670.147593969416,0.15637451124258156,33674.0,66527.4336,55.8,69.39,69.43,55.88,6.051700947686921,46.47533015277095,32.279018731213,34.77463822730583,52.6059,63.82,Electronic Compo-Semicon
2023-12-12,ARM,47.5285,48.7882,42.3395,43.9083,63.87,5711703.0,9848500.0,9848500.0,5571.121403433801,9606.099816765296,9606.099816765296,0.11886925795053004,26071.0,66342.8912,55.62,68.83,66.88,55.39,6.051700947686921,45.96157063035446,31.534817460229576,33.40321630082948,53.4573,58.71,Electronic Compo-Semicon
2023-12-13,ARM,47.6871,48.9534,42.4898,44.9635,65.02,7023954.0,9958250.0,9805046.0,6851.073931494681,9713.148317643725,9563.715116543503,0.15741005012576037,35297.0,67265.6034,55.69,68.34,61.14,55.77,6.051700947686921,46.125558738827884,31.773352143108855,33.644045112917084,53.5745,57.62,Electronic Compo-Semicon
2023-12-14,ARM,48.806,51.1112,49.3525,47.6816,70.66,11835036.0,8103571.0,9835803.0,11543.741136608638,7904.11840793123,9593.715110176145,0.4166916132949366,98828.0,72519.9276,60.4,69.43,79.61,67.1,6.051700947686921,47.28142657068482,33.42920932358406,36.71295637019715,53.3729,57.63,Electronic Compo-Semicon
2023-12-15,ARM,48.7757,51.753,51.2076,50.0218,70.93,7058443.0,7045842.0,9794350.0,6884.714239140292,6872.423386309518,9553.282630195317,0.28770379515169237,53134.0,72822.3698,59.07,68.9,59.94,64.32,6.051700947686921,47.25014892091941,33.38495634997895,37.60132190495435,53.7468,57.93,Electronic Compo-Semicon
2023-12-18,ARM,49.1486,51.2364,43.4602,46.4388,66.16,4744779.0,6579793.0,9720092.0,4627.995960433214,6417.844840505056,9480.851797531392,0.1518533879413137,29291.0,70607.8684,59.55,68.64,58.66,64.27,6.051700947686921,47.6349928573424,33.92744142961564,36.88705850240705,53.7468,57.93,Electronic Compo-Semicon
2023-12-19,ARM,49.1873,51.6419,43.9647,46.5466,66.8,3899291.0,6354647.0,9635732.0,3803.318056816133,6198.240572399564,9398.568484947913,0.10402862376802233,20614.0,71181.9969,59.42,68.14,58.9,63.02,6.051700947686921,47.674921540040955,33.983479534768065,37.448260782177854,54.1693,52.2,Electronic Compo-Semicon
2023-12-20,ARM,50.41,53.1922,46.7386,48.4204,64.4,8177594.0,6226649.0,9614902.0,7976.3193704261,6073.392862441484,9378.25099501744,0.3070871112967379,63232.0,70126.0072,55.24,67.7,59.04,60.1,6.051700947686921,48.93542441380335,35.73030226572397,39.55877324740999,54.6455,56.25,Electronic Compo-Semicon
2023-12-21,ARM,49.8308,53.3664,50.1855,51.2037,67.84,5407601.0,6076597.0,9555644.0,5274.504385972729,5927.034470237122,9320.452117083712,0.16825474655942216,35687.0,72996.6577,56.96,67.64,38.03,62.38,6.051700947686921,48.338559051745236,34.90838049294181,39.79270095080252,55.6081,58.64,Electronic Compo-Semicon
2023-12-22,ARM,49.8761,53.1713,49.2871,50.367,69.04,5763862.0,6034936.0,9502980.0,5621.996468022089,5886.398542633282,9269.08381839894,0.22651216991710824,41208.0,74114.1668,54.35,67.22,39.42,50.73,6.051700947686921,48.38525616103588,34.97301461427082,39.530665864490565,56.7963,58.94,Electronic Compo-Semicon
2023-12-25,ARM,50.4128,53.4175,48.7965,48.898,70.26,4046596.0,5890514.0,9428235.0,3946.9972687581926,5745.53097704389,9196.178169061204,0.16621926119069738,32384.0,75262.4317,53.34,66.81,34.53,48.13,6.051700947686921,48.938308781557424,35.73425252947093,39.86120552931132,56.2247,58.81,Electronic Compo-Semicon
2023-12-26,ARM,50.4128,53.4175,48.7965,48.898,70.26,4046596.0,5890514.0,9428235.0,3946.9972687581926,5745.53097704389,9196.178169061204,0.16621926119069738,32384.0,75262.4317,53.34,66.81,34.53,48.13,6.051700947686921,48.938308781557424,35.73425252947093,39.86120552931132,58.487,57.22,Electronic Compo-Semicon
2023-12-27,ARM,49.4284,52.2475,47.6575,48.95,71.16,3802038.0,5841868.0,9352206.0,3708.458751855673,5698.082584073489,9122.02092400369,0.13762367980848944,28055.0,76123.6245,51.04,66.38,34.99,48.45,6.051700947686921,47.92363080067141,34.33151797634355,38.279075958674866,59.2672,57.6,Electronic Compo-Semicon
2023-12-28,ARM,49.9397,53.5088,52.0243,50.6188,74.33,9176899.0,5848394.0,9349868.0,8951.028603264152,5704.447872550243,9119.740328922024,0.38122539168705044,83849.0,79424.8792,52.87,66.39,44.95,52.47,6.051700947686921,48.45081318872843,35.06365691267812,39.98347255354392,58.7149,58.83,Electronic Compo-Semicon
2023-12-29,ARM,50.5187,53.4771,48.9967,50.0825,68.7,11178334.0,5901860.0,9373927.0,10903.203071374579,5756.598262211773,9143.207713890199,0.24879690924290007,44048.0,77041.2055,53.88,66.18,40.95,39.52,6.051700947686921,49.04739251223312,35.883498292251275,39.94103935064784,59.6727,59.3,Electronic Compo-Semicon
2024-01-01,ARM,51.5513,55.3013,50.3546,49.8132,56.08,9770966.0,5936182.0,9379083.0,9530.474272187921,5790.0753954138245,9148.236646019965,0.2442699546431631,46477.0,70659.1254,61.52,67.62,73.0,58.67,6.051700947686921,50.110320236943814,37.32322241835503,42.35233383994322,59.7691,57.63,Electronic Compo-Semicon
2024-01-02,ARM,51.5513,55.3013,50.3546,49.8132,56.08,9770966.0,5936182.0,9379083.0,9530.474272187921,5790.0753954138245,9148.236646019965,0.2442699546431631,46477.0,70659.1254,61.52,67.62,73.0,58.67,6.051700947686921,50.110320236943814,37.32322241835503,42.35233383994322,58.125,57.01,Electronic Compo-Semicon
2024-01-03,ARM,51.502,55.8933,50.0703,51.7587,54.18,7858160.0,5962823.0,9359584.0,7664.747341214671,5816.060214526516,9129.216836877255,0.11118493343214167,21755.0,69623.6447,60.29,67.23,72.94,57.06,6.051700947686921,50.05960114262859,37.255099033555126,43.12246960564759,56.822,48.51,Electronic Compo-Semicon
2024-01-04,ARM,51.2902,55.5331,48.8504,52.5391,54.97,5757570.0,6007551.0,9313989.0,5615.859456666517,5859.687697198018,9084.744641391753,0.16289184309863777,33745.0,70115.7526,59.36,66.8,72.66,57.03,6.051700947686921,49.84167210877923,36.961750716653015,42.65456125210995,56.4046,48.3,Electronic Compo-Semicon
2024-01-05,ARM,50.2309,55.0585,49.7131,52.738,52.28,7356637.0,6061541.0,9289522.0,7175.568375847532,5912.348523993127,9060.879351521615,0.2613566651581435,51976.0,68741.9428,59.05,66.47,67.59,57.4,6.051700947686921,48.75090745174966,35.47717174198078,42.03480489130406,56.4946,49.45,Electronic Compo-Semicon
2024-01-08,ARM,50.3717,54.2354,51.1787,55.9045,61.28,9303504.0,6095506.0,9289695.0,9074.518079215597,5945.478112221712,9061.048958317075,0.2537136681901074,56346.0,74678.0408,64.13,67.68,86.94,67.95,6.051700947686921,48.8959693988069,35.67624645180599,40.95076327933339,57.8865,48.99,Electronic Compo-Semicon
2024-01-09,ARM,52.6059,54.5134,49.2156,56.0521,59.44,5982003.0,6109116.0,9249357.0,5834.768676136332,5958.753059081261,9021.703683198139,0.12507738087614365,29297.0,73693.8171,63.82,67.3,62.28,67.85,6.051700947686921,51.194612776825075,38.7668300846226,41.31824269690084,61.2766,43.86,Electronic Compo-Semicon
2024-01-10,ARM,53.4573,55.6352,51.5994,59.1496,57.27,7450639.0,6157437.0,9227686.0,7267.257384514752,6005.884798328621,9000.566156202629,0.16354253532020835,40596.0,72555.8067,58.71,66.94,62.38,67.86,6.051700947686921,52.06909434442912,39.91452521689315,42.78740327526315,79.4204,142.39,Electronic Compo-Semicon
2024-01-11,ARM,53.5745,55.5319,49.4014,58.8021,55.27,6396114.0,6142485.0,9193977.0,6238.687276440609,5991.300814092321,8967.686837631038,0.13335652333462025,34887.0,71530.5727,57.62,66.58,62.99,68.0,6.051700947686921,52.189411884107884,40.07135448484366,42.65299892868026,81.7423,142.35,Electronic Compo-Semicon
2024-01-12,ARM,53.3729,55.067,48.8058,58.7575,55.66,4025998.0,6103187.0,9133177.0,3926.9064428218335,5952.969761049671,8908.382866740665,0.14401211335315325,36427.0,71766.38,57.63,66.18,61.45,64.59,6.051700947686921,51.98244046761427,39.80141774371863,42.04593784184151,112.5202,167.82,Electronic Compo-Semicon
2024-01-15,ARM,53.7468,54.404,47.2884,57.0851,52.44,7090256.0,6223301.0,9109422.0,6915.743770258706,6070.127104182807,8885.212106185954,0.09519646688843224,25155.0,70208.0278,57.93,65.89,23.69,63.72,6.051700947686921,52.366269418386686,40.30142566014259,41.173797687364235,100.4288,183.8,Electronic Compo-Semicon
2024-01-16,ARM,53.7468,54.404,47.2884,57.0851,52.44,7090256.0,6223301.0,9109422.0,6915.743770258706,6070.127104182807,8885.212106185954,0.09519646688843224,25155.0,70208.0278,57.93,65.89,23.69,63.72,6.051700947686921,52.366269418386686,40.30142566014259,41.173797687364235,98.4335,184.53,Electronic Compo-Semicon
2024-01-17,ARM,54.1693,56.4761,50.0803,58.9604,55.04,7209106.0,6304288.0,9087579.0,7031.668802993801,6149.121022036323,8863.907084878709,0.19127797145896178,57006.0,71622.8479,52.2,65.59,25.94,47.71,6.051700947686921,52.799817471740006,40.8631797892675,43.87523528381358,102.2408,185.42,Electronic Compo-Semicon
2024-01-18,ARM,54.6455,57.3441,52.0069,60.6397,61.99,11287498.0,6414684.0,9112578.0,11009.67923796105,6256.799624937337,8888.290461792387,0.24965760786120067,81301.0,76103.1233,56.25,66.03,49.06,56.11,6.051700947686921,53.28825698790551,41.49237363962201,44.987022626642,100.1487,184.76,Electronic Compo-Semicon
2024-01-19,ARM,55.6081,58.3318,53.7151,61.259,67.12,9956491.0,6445297.0,9122061.0,9711.432480445686,6286.659289092828,8897.540256301829,0.2732642351921227,77539.0,80562.8896,58.64,66.36,62.76,62.88,6.051700947686921,54.2749338845204,42.75216001104505,46.239434374135676,95.169,184.61,Electronic Compo-Semicon
2024-01-22,ARM,56.7963,59.2354,53.7967,62.0373,64.14,7697443.0,6407889.0,9106231.0,7507.986406749712,6250.172103640261,8882.10001226678,0.1496542532133337,45362.0,79055.7944,58.94,66.06,64.13,62.81,6.051700947686921,55.49168727160007,44.286635610418635,47.37424419618744,95.169,184.61,Electronic Compo-Semicon
2024-01-23,ARM,56.2247,58.9292,54.0098,62.303,62.57,4052530.0,6356099.0,9050696.0,3952.7854936873523,6199.656985547469,8827.932145246092,0.07187012056211124,22462.0,78276.6143,58.81,65.71,62.61,47.33,6.051700947686921,54.90650737980937,43.551157161320056,46.9908183865742,94.1295,184.55,Electronic Compo-Semicon
2024-01-24,ARM,58.487,60.8341,59.7303,65.0768,61.26,6972177.0,6396319.0,9028104.0,6800.571570922239,6238.887100822277,8805.896264786357,0.13108598289402873,43113.0,77651.221,57.22,65.36,61.25,47.04,6.051700947686921,57.22094748917621,46.435068310491374,49.35862764309802,89.3565,185.06,Electronic Compo-Semicon
2024-01-25,ARM,59.2672,62.2757,67.5575,68.5151,57.34,8817139.0,6482578.0,9025835.0,8600.123057261724,6323.02252786279,8803.682429701956,0.19344708468543914,66528.0,75775.0487,57.6,65.13,46.88,47.98,6.051700947686921,58.01817524189348,47.41399999831274,51.124839466642825,87.5359,185.47,Electronic Compo-Semicon
2024-01-26,ARM,58.7149,61.7365,67.9647,67.7434,51.86,7077097.0,6555787.0,9005104.0,6902.909172291064,6394.430119282881,8783.462343251047,0.14346706058258724,47784.0,72965.9019,58.83,65.07,35.81,51.09,6.051700947686921,57.453869709263806,46.7217923672669,50.46664078626593,88.9929,188.0,Electronic Compo-Semicon
2024-01-29,ARM,59.6727,62.5593,77.8928,67.6691,54.96,4318120.0,6566287.0,8955767.0,4211.8384523235645,6404.671494908049,8735.339411746421,0.06842149593240916,23558.0,74770.3159,59.3,64.85,37.46,52.52,6.051700947686921,58.432343679242074,47.919907400682646,51.469917587752164,85.8795,188.63,Electronic Compo-Semicon
2024-01-30,ARM,59.7691,63.3043,83.9528,68.4433,53.0,4056633.0,6579532.0,8904735.0,3956.787360667408,6417.590414687932,8685.563347261803,0.08238805133665864,29401.0,73786.0922,57.63,64.54,37.98,51.78,6.051700947686921,58.530786577399255,48.03989711489815,52.37290137552052,85.1613,188.72,Electronic Compo-Semicon
2024-01-31,ARM,58.125,61.2823,80.419,65.5086,50.36,5087257.0,6612660.0,8865379.0,4962.044891217901,6449.903311423221,8647.176381232648,0.07789606772955047,28587.0,72453.2849,57.01,64.27,39.72,51.62,6.051700947686921,56.85088642720587,45.97827775156438,49.90998590753156,86.6187,189.53,Electronic Compo-Semicon
2024-02-01,ARM,56.822,59.1493,75.5523,61.3675,50.05,3476065.0,6591732.0,8810386.0,3390.509061652104,6429.490552674402,8593.537108671107,0.07559607735853027,28738.0,72299.4982,48.51,63.93,35.75,41.69,6.051700947686921,55.51799119708008,44.31959029594024,47.26654303511099,87.5074,189.43,Electronic Compo-Semicon
2024-02-02,ARM,56.4046,57.0328,68.334,57.5706,51.1,4298876.0,6620484.0,8764815.0,4193.068119083058,6457.534572595135,8549.087330307033,0.1107621192366955,41118.0,72791.614,48.3,63.61,24.13,30.53,6.051700947686921,55.09071213661211,43.78316230196261,44.589535497019924,90.4658,189.64,Electronic Compo-Semicon
2024-02-05,ARM,56.4946,59.2046,73.7642,61.9958,55.84,7258066.0,6701300.0,8749748.0,7079.424147308074,6536.361757850589,8534.391568506062,0.11705693302462597,45856.0,75118.8917,49.45,63.49,27.94,33.05,6.051700947686921,55.18285505226294,43.89904587983661,47.335727111347936,88.6398,189.89,Electronic Compo-Semicon
2024-02-06,ARM,57.8865,61.1859,79.1853,65.7086,55.13,6899507.0,6740076.0,8731429.0,6729.68968947526,6574.1827587796715,8516.52266106626,0.10820012849966902,44459.0,74821.5808,48.99,63.17,26.46,32.73,6.051700947686921,56.60701851192183,45.67639743073002,49.791573170668144,86.9326,189.73,Electronic Compo-Semicon
2024-02-07,ARM,61.2766,66.8757,103.4651,77.9332,62.34,22802796.0,7013429.0,8869383.0,22241.552051689814,6840.807862524001,8651.081370059741,0.317794183426486,152041.0,78953.2725,43.86,63.43,44.59,42.23,6.051700947686921,60.06937131449821,49.902986960301284,56.63784644996664,88.5099,189.97,Electronic Compo-Semicon
2024-02-08,ARM,79.4204,91.0531,118.3719,108.5505,84.94,106505653.0,8507711.0,9817308.0,103597.1282845028,8275.376968718041,9549.210653489685,1.1301845350457809,768747.0,117087.5006,142.39,63.43,44.59,42.23,8.746488028867965,77.4699665986986,71.01469098827368,83.82215351331651,86.8815,190.55,Electronic Compo-Semicon
2024-02-09,ARM,81.7423,91.5976,108.7188,103.5964,85.17,48096528.0,9201032.0,10185378.0,46783.077249276925,8949.764332865543,9907.22918267792,0.8944290315167542,537110.0,118444.5598,142.35,63.14,45.31,40.81,8.746488028867965,79.84860298047472,73.6022418767934,84.41330893739446,82.9047,134.53,Electronic Compo-Semicon
2024-02-12,ARM,112.5202,133.0328,191.2669,172.7051,89.55,111349666.0,10952257.0,11148847.0,108308.85636030936,10653.16558950606,10844.386980972768,0.9870778389433593,735525.0,153152.3857,167.82,74.69,187.93,133.97,8.746488028867965,111.15210837714001,106.75336907114455,128.1920913154942,78.4957,134.67,Electronic Compo-Semicon
2024-02-13,ARM,100.4288,109.6394,142.8292,126.0792,73.93,68563880.0,12018201.0,11690498.0,66768.19643627154,11703.445096435544,11384.32461672005,0.599746063505664,501173.0,123206.7775,183.8,81.68,241.71,172.05,8.746488028867965,98.89357743596636,93.92246945986886,103.71250856266084,75.154,101.16,Electronic Compo-Semicon
2024-02-14,ARM,98.4335,108.8812,147.2174,133.5653,75.21,42519550.0,12619803.0,11978620.0,41405.966408630826,12289.291375415274,11664.900906565414,0.40142458797739905,355441.0,129799.4368,184.53,81.69,244.51,173.9,8.746488028867965,96.86665943911494,91.78583944296636,102.91065111755927,74.1178,67.93,Electronic Compo-Semicon
2024-02-15,ARM,102.2408,114.8563,158.7729,143.675,76.55,34996642.0,13139561.0,12191750.0,34080.08503443062,12795.437807864202,11872.44984014522,0.35974924938937464,335373.0,137275.218,185.42,81.76,244.76,175.92,8.746488028867965,100.73319697737918,95.85753796462747,109.21289323926,72.773,66.36,Electronic Compo-Semicon
2024-02-16,ARM,100.1487,111.1992,137.0625,131.5548,73.59,26122331.0,13511339.0,12319554.0,25438.190296493867,13157.478658487222,11996.906364134664,0.4508529603928194,313286.0,131791.6063,184.76,81.61,246.33,177.11,8.746488028867965,98.60911672017693,93.6229059135103,105.36008960056934,72.5203,63.9,Electronic Compo-Semicon
2024-02-19,ARM,95.169,102.2018,115.8264,117.8939,69.86,21117308.0,13864759.0,12399533.0,20564.248224309784,13501.642616863528,12074.790710895564,0.21569682919039176,156677.0,125044.9113,184.61,81.63,169.66,179.03,8.746488028867965,93.5474978267376,88.27584585264533,95.81593981817431,70.5655,63.89,Electronic Compo-Semicon
2024-02-20,ARM,95.169,102.2018,115.8264,117.8939,69.86,21117308.0,13864759.0,12399533.0,20564.248224309784,13501.642616863528,12074.790710895564,0.21569682919039176,156677.0,125044.9113,184.61,81.63,169.66,179.03,8.746488028867965,93.5474978267376,88.27584585264533,95.81593981817431,69.5975,63.9,Electronic Compo-Semicon
2024-02-21,ARM,94.1295,101.8025,117.4817,118.546,70.28,22418082.0,13986399.0,12489790.0,21830.95460280347,13620.096564268782,12162.683609086127,0.26741522296992193,194244.0,126708.4829,184.55,81.28,72.58,178.45,8.746488028867965,92.48977542892769,87.15416897802422,95.38991249733904,70.2982,64.01,Electronic Compo-Semicon
2024-02-22,ARM,89.3565,96.2712,90.988,113.1701,71.62,29492398.0,14240596.0,12641599.0,28719.995082868896,13867.636232805567,12310.516802316324,0.3666732731372327,284911.0,131986.7188,185.06,81.14,68.83,179.61,8.746488028867965,87.62750641718317,81.97603608524871,89.46301106848571,69.9586,62.45,Electronic Compo-Semicon
2024-02-23,ARM,87.5359,94.1618,93.5785,109.0885,72.8,20317049.0,14475221.0,12709524.0,19784.94790156397,14096.116682527305,12376.663077087469,0.3469669235389735,243763.0,136926.0777,185.47,80.96,61.94,178.53,8.746488028867965,85.7702138125671,79.98762522296808,87.18905309291986,71.8518,62.04,Electronic Compo-Semicon
2024-02-26,ARM,88.9929,96.2241,101.8737,109.7425,75.63,26547871.0,14800893.0,12830913.0,25852.585241978617,14413.259275664877,12494.872830477125,0.34605843529175545,267145.0,150131.9386,188.0,81.78,85.28,184.33,8.746488028867965,87.25670197213208,81.57954799096402,89.41232477019038,69.623,59.65,Electronic Compo-Semicon
2024-02-27,ARM,85.8795,90.3945,86.539,97.7968,70.98,17481267.0,15020145.0,12871350.0,17023.434603436628,14626.769108991679,12534.250805902342,0.20195876866717755,162081.0,141660.0609,188.63,81.88,87.07,134.84,8.746488028867965,84.07903608446922,78.17144568351029,83.10626950026092,68.2728,56.52,Electronic Compo-Semicon
2024-02-28,ARM,85.1613,89.268,86.6013,97.5889,68.6,9682632.0,15119165.0,12843862.0,9429.04471723483,14723.195394831875,12507.482380823023,0.12264278864653892,100396.0,137460.0671,188.72,81.64,89.16,81.29,8.746488028867965,83.34532264220637,77.38173827002079,81.8795592562637,67.5337,55.57,Electronic Compo-Semicon
2024-02-29,ARM,86.6187,91.1288,95.1583,101.3252,70.53,10300023.0,15208784.0,12822119.0,10030.266824999835,14810.468054662431,12486.309480270098,0.16023560466514483,133790.0,144833.1604,189.53,81.65,92.12,81.31,8.746488028867965,84.83392586892037,78.98281831949275,83.90437765361233,67.5337,55.57,Electronic Compo-Semicon
2024-03-01,ARM,87.5074,92.2384,93.6217,98.1139,70.68,9856913.0,15281091.0,12796990.0,9598.761692124133,14880.881154643737,12461.838446427966,0.19142557879149058,143100.0,145428.7609,189.43,81.3,88.4,76.33,8.746488028867965,85.74112690770677,79.9564347301704,85.10821837261076,64.6039,52.81,Electronic Compo-Semicon
2024-03-04,ARM,90.4658,95.9902,115.632,105.204,68.37,14294988.0,15433269.0,12809579.0,13920.604139358446,15029.073709277152,12474.09780622684,0.21890602615676558,175113.0,141721.672,189.64,81.04,62.27,74.66,8.746488028867965,88.75841795730408,83.18381675326037,89.16055684011849,64.6451,53.29,Electronic Compo-Semicon
2024-03-05,ARM,88.6398,93.2334,115.0081,98.1796,65.79,9116025.0,15473418.0,12778799.0,8877.276659754545,15068.169784311236,12444.122751132727,0.12468640854877831,101887.0,137675.7218,189.89,80.8,50.99,71.35,8.746488028867965,86.89654730012855,81.1942149665849,86.18557463729067,64.7328,52.61,Electronic Compo-Semicon
2024-03-06,ARM,86.9326,90.9011,112.9566,95.0336,66.82,9063327.0,15532909.0,12748093.0,8825.958951417513,15126.10294543093,12414.221127280627,0.11824513591955789,98145.0,140674.2511,189.73,80.52,48.76,71.86,8.746488028867965,85.15440523780009,79.32693957767435,83.65701632983333,64.021,52.46,Electronic Compo-Semicon
2024-03-07,ARM,88.5099,93.808,116.5729,99.4993,68.16,14358584.0,15716834.0,12761293.0,13982.533408308158,15305.210909225696,12427.075379139687,0.1830827989768387,156750.0,144638.0636,189.97,80.28,37.29,70.27,8.746488028867965,86.76403740406205,81.05238304954395,86.80683880893257,62.4013,52.53,Electronic Compo-Semicon
2024-03-08,ARM,86.8815,92.1941,115.7976,96.9169,61.82,14132452.0,15640056.0,12772441.0,13762.324835005898,15230.444873238064,12437.93235441009,0.23222747610977434,182796.0,135016.0537,190.55,80.57,61.4,76.11,8.746488028867965,85.10223751990002,79.27093693309043,85.0602050009874,63.0189,53.03,Electronic Compo-Semicon
2024-03-11,ARM,82.9047,87.0682,104.0258,93.3558,58.64,10174794.0,15681848.0,12751492.0,9908.317250131504,15271.142103942371,12417.531809343154,0.16951343953708928,141203.0,130148.5771,134.53,80.41,64.14,63.21,8.746488028867965,81.03817045524583,74.89109214112183,79.47551730715567,62.9319,47.82,Electronic Compo-Semicon
2024-03-12,ARM,78.4957,81.7716,93.4977,85.1476,59.98,18220618.0,15886912.0,12795245.0,17743.421703398333,15470.835247233623,12460.13871940562,0.22748052197505372,189489.0,132982.8074,134.67,80.14,62.65,57.12,8.746488028867965,76.52170089022772,69.97900626966633,73.63478095682774,62.5552,46.32,Electronic Compo-Semicon
2024-03-13,ARM,75.154,77.9396,82.7018,77.4162,60.84,9097646.0,15920907.0,12765899.0,8859.379202043361,15503.939409542485,12431.560878054184,0.14877561673059028,131110.0,134800.4147,101.16,79.84,61.51,55.5,8.746488028867965,73.08980438230408,66.20883714429668,69.35465123666904,62.812,48.46,Electronic Compo-Semicon
2024-03-14,ARM,74.1178,75.5236,79.4783,75.1082,60.6,10070935.0,15891987.0,12845827.0,9807.17763734767,15475.7765311185,12509.395332969272,0.1700042808652067,151305.0,134482.08,67.93,79.51,58.29,48.93,8.746488028867965,72.02391315031056,65.03025970146513,66.62807634143432,62.7548,49.93,Electronic Compo-Semicon
2024-03-15,ARM,72.773,72.759,73.839,69.2915,57.43,8880494.0,15921857.0,11880319.0,8647.914599550817,15504.864887275457,11569.174431897703,0.20011224665008936,125865.0,130384.7662,66.36,79.32,38.62,51.29,8.746488028867965,70.63926187074351,63.49327467535439,63.47722805069547,61.8711,51.16,Electronic Compo-Semicon
2024-03-18,ARM,72.5203,74.076,71.8263,69.526,59.09,6216320.0,15945980.0,11336377.0,6053.515153847247,15528.356257873651,11039.478334324069,0.1479502177484941,98419.0,133239.531,63.9,79.06,32.38,50.81,8.746488028867965,70.37890096281326,63.20348338572804,64.98261441339521,61.99,50.03,Electronic Compo-Semicon
2024-03-19,ARM,70.5655,70.8392,63.2503,64.8647,54.91,8135365.0,16015424.0,11126563.0,7922.300777254766,15595.981987687663,10835.15966438803,0.1387555832857126,95183.0,127940.7528,63.89,72.87,40.55,52.77,8.746488028867965,68.36289621493137,60.95060451094804,61.26727231271195,61.9836,66.37,Electronic Compo-Semicon
2024-03-20,ARM,69.5975,69.4837,61.4361,62.838,59.14,6861505.0,15993849.0,11035713.0,6681.802726190401,15574.971358394057,10746.688548482416,0.10948616937579704,77096.0,134862.0258,63.9,72.96,54.32,58.03,8.746488028867965,67.36325255577759,59.82723799616692,59.69481523289941,60.1303,65.44,Electronic Compo-Semicon
2024-03-21,ARM,70.2982,71.0937,60.6413,63.6387,60.42,7568797.0,16029279.0,10965866.0,7370.570569054109,15609.472950662712,10678.670494636217,0.1622776821967779,117620.0,137193.0802,64.01,72.71,55.64,56.98,8.746488028867965,68.08694964443242,60.640937684372915,61.561356220359535,64.1694,89.78,Electronic Compo-Semicon
2024-03-22,ARM,69.9586,72.4963,59.2144,64.0024,60.73,6999592.0,16049536.0,10902284.0,6816.273642811647,15629.200847157472,10616.754673079107,0.17476527528025404,114196.0,137757.8595,62.45,72.37,51.2,45.35,8.746488028867965,67.7362643094781,60.24692617851968,63.175944106044035,60.8128,92.43,Electronic Compo-Semicon
2024-03-25,ARM,71.8518,74.037,62.0847,65.8831,63.11,12928867.0,15999203.0,10937988.0,12590.26173719061,15580.186056244931,10651.523586579555,0.24214579709847628,165257.0,142029.7395,62.04,72.25,53.44,44.18,8.746488028867965,69.68986261920364,62.435307024471335,64.9381534153844,57.8814,93.04,Electronic Compo-Semicon
2024-03-26,ARM,69.623,71.9178,73.639,67.1452,54.52,21244452.0,16276588.0,11004241.0,20688.062704983236,15850.306384329315,10716.041431840531,0.47175097451739195,334746.0,131401.3843,59.65,73.06,71.24,57.96,8.746488028867965,67.38959799289115,59.85690042927382,62.51124984224839,59.3622,93.43,Electronic Compo-Semicon
2024-03-27,ARM,68.2728,70.3308,64.9537,64.2486,52.64,11317879.0,16397811.0,11044196.0,11021.465297771894,15968.354573849238,10754.950018090063,0.2282728448150422,164721.0,128998.4518,56.52,73.07,62.03,58.3,8.746488028867965,65.99371946241156,58.2808855444047,60.67872632677781,59.4754,89.72,Electronic Compo-Semicon
2024-03-28,ARM,67.5337,69.7277,62.4364,61.6002,52.11,7407193.0,16369267.0,11048486.0,7213.199625698206,15940.558130097863,10759.127658713882,0.16465320151995333,104428.0,128351.5085,55.57,72.6,60.93,58.34,8.746488028867965,65.2288005740829,57.413300163725125,59.97865076250048,59.2366,90.57,Electronic Compo-Semicon
2024-03-29,ARM,67.5337,69.7277,62.4364,61.6002,52.11,7407193.0,16369267.0,11048486.0,7213.199625698206,15940.558130097863,10759.127658713882,0.16465320151995333,104428.0,128351.5085,55.57,72.6,60.93,58.34,8.746488028867965,65.2288005740829,57.413300163725125,59.97865076250048,58.794,90.66,Electronic Compo-Semicon
2024-04-01,ARM,64.6039,66.5154,51.862,58.0689,53.65,5011885.0,16269809.0,11044362.0,4880.624417295044,15843.704927412871,10755.111669690252,0.09980670024139494,65161.0,130323.1454,52.81,72.59,61.81,56.76,8.746488028867965,62.19051120431056,53.93653951830799,56.21196347006569,59.1975,90.77,Electronic Compo-Semicon
2024-04-02,ARM,64.6451,66.0295,53.1422,59.0252,51.25,5042778.0,16193547.0,11013848.0,4910.708159039341,15769.439657404519,10725.396445375769,0.0977641764504177,64435.0,127622.4181,53.29,72.63,59.76,56.69,8.746488028867965,62.23330894829133,53.98588106171835,55.63615074975982,59.5346,92.85,Electronic Compo-Semicon
2024-04-03,ARM,64.7328,65.8011,50.9319,57.9394,52.17,3875999.0,16129319.0,11007354.0,3774.4870166345354,15706.893926612656,10719.072621148824,0.06762573544504258,45137.0,128680.118,52.61,72.35,23.6,53.06,8.746488028867965,62.324402800857044,54.09086610362233,55.36489105209185,58.6688,93.32,Electronic Compo-Semicon
2024-04-04,ARM,64.021,65.8435,56.9366,59.2841,49.0,5477260.0,16124798.0,11001520.0,5333.810972502754,15702.4907530025,10713.391018540018,0.11724440312460133,79954.0,125291.3716,52.46,72.27,27.28,47.91,8.746488028867965,61.58477270919718,53.23696874353385,55.415276704623615,58.8631,93.74,Electronic Compo-Semicon
2024-04-05,ARM,62.4013,63.3517,50.9907,59.4572,51.76,4537556.0,16079329.0,11013945.0,4418.717837097408,15658.212892768184,10725.4908211182,0.1288720824429476,80872.0,128176.942,52.53,72.26,31.51,48.5,8.746488028867965,59.89923230170381,51.27775971793229,52.430184940452,59.5079,95.04,Electronic Compo-Semicon
2024-04-08,ARM,63.0189,64.3142,52.1157,67.151,55.74,6943866.0,16041270.0,11037422.0,6762.006789684239,15621.150617704618,10748.35293546998,0.11549886662766891,75819.0,132726.0839,53.03,72.41,38.58,51.52,8.746488028867965,60.54236158140412,52.02757112541388,53.58920340553682,60.1422,94.31,Electronic Compo-Semicon
2024-04-09,ARM,62.9319,64.2174,51.7489,68.26,53.23,12997155.0,16154418.0,11083818.0,12656.76095096006,15731.335582893818,10793.534034944434,0.18740799239967587,127432.0,130220.4594,47.82,72.28,38.09,50.11,8.746488028867965,60.45179754360888,51.92215748223488,53.47299190021071,61.549,94.24,Electronic Compo-Semicon
2024-04-10,ARM,62.5552,63.4601,49.3837,70.0079,51.52,4974491.0,16114480.0,11082509.0,4844.209529438091,15692.443222420048,10792.259088996927,0.07870031137885695,53810.0,128546.6245,46.32,72.25,38.74,32.08,8.746488028867965,60.05954408487861,51.46493414976842,52.5611138771811,55.2707,94.49,Electronic Compo-Semicon
2024-04-11,ARM,62.812,64.0738,51.2531,72.1524,57.0,6139066.0,16110334.0,11095984.0,5978.28420640326,15688.405257751172,10805.380802503714,0.15357999545143117,107371.0,134656.6501,48.46,72.43,47.21,38.55,8.746488028867965,60.326968535170714,51.77676838119582,53.300452591324216,55.692,94.67,Electronic Compo-Semicon
2024-04-12,ARM,62.7548,64.2117,53.8979,72.9705,52.12,4950851.0,16125251.0,11077005.0,4821.18859975889,15702.931938256803,10786.899105925873,0.11092440893476133,71361.0,129727.5545,49.93,72.62,51.65,42.78,8.746488028867965,60.267410029662614,51.707362367848546,53.466146456332524,59.9135,97.25,Electronic Compo-Semicon
2024-04-15,ARM,61.8711,63.3478,53.1272,71.1561,48.25,5003304.0,15948712.0,11065332.0,4872.267942561059,15531.016744682887,10775.532003930812,0.09542263529311087,62444.0,125609.7063,51.16,72.67,50.79,45.1,8.746488028867965,59.34668317482855,50.63120989281216,52.42547248084656,62.6861,96.62,Electronic Compo-Semicon
2024-04-16,ARM,61.99,63.5235,51.2402,71.3998,48.15,4071531.0,15900796.0,11071370.0,3964.8979408788186,15484.355471868974,10781.41173816619,0.06039022490683595,40011.0,125507.0184,50.03,72.62,48.96,43.86,8.746488028867965,59.470630471212246,50.776436464171056,52.63764292072736,61.9934,97.04,Electronic Compo-Semicon
2024-04-17,ARM,61.9836,64.1277,64.3962,75.5907,36.36,19639227.0,16098099.0,11208086.0,19124.87790011433,15676.49163579364,10914.547514725546,0.45313012196939056,319314.0,110452.7447,66.37,74.46,102.67,77.59,8.746488028867965,59.463959316576606,50.768622878309394,53.365235006415936,61.0269,86.37,Electronic Compo-Semicon
2024-04-18,ARM,60.1303,62.5368,59.2156,74.6028,34.5,11961197.0,16108793.0,11285624.0,11647.934559292382,15686.905473857441,10990.05474224524,0.24173539514175163,175804.0,107741.7445,65.44,74.48,98.82,77.44,8.746488028867965,57.52954690186146,48.48854893776467,51.442567531568635,58.1403,86.79,Electronic Compo-Semicon
2024-04-19,ARM,64.1694,69.3885,83.9879,88.0792,25.0,29438997.0,16418039.0,11484710.0,28667.991571390758,15988.051619787344,11183.926187426398,0.7691926374971384,426715.0,89534.9136,89.78,78.87,162.28,120.42,8.746488028867965,61.73902886346268,53.415337650903226,59.58397714360799,56.4485,58.49,Electronic Compo-Semicon
2024-04-22,ARM,60.8128,63.5019,69.3198,77.34,32.98,15199464.0,16537119.0,11541592.0,14801.391349646572,16104.013280644369,11239.31870162988,0.29219009253959977,172050.0,95614.1257,92.43,79.41,167.29,123.62,8.746488028867965,58.24253113046752,49.3323731827286,52.61157385604426,56.934,55.49,Electronic Compo-Semicon
2024-04-23,ARM,57.8814,59.216,63.5815,71.5398,36.36,11212389.0,16650767.0,11551457.0,10918.737468570467,16214.68480297434,11248.925305970084,0.16327562239352963,99484.0,98622.9262,93.04,79.52,168.72,124.23,8.746488028867965,55.17474290473384,45.66993393864282,47.34998475184548,57.6354,54.9,Electronic Compo-Semicon
2024-04-24,ARM,59.3622,61.659,68.311,75.5681,40.47,11697822.0,16725778.0,11587346.0,11391.457431689007,16287.731861442282,11283.874785002872,0.20444010385650652,128739.0,102566.1965,93.43,79.49,144.96,125.61,8.746488028867965,56.72624240581671,47.53269599801804,50.37180442469775,57.0329,53.2,Electronic Compo-Semicon
2024-04-25,ARM,59.4754,62.2532,70.5875,75.4368,39.14,6140842.0,16683297.0,11600322.0,5980.013895423744,16246.362938743783,11296.51060088987,0.12576041142671462,80501.0,100563.7558,89.72,79.35,144.56,123.82,8.746488028867965,56.844691870072424,47.67399296429868,51.097429585449795,56.3029,53.15,Electronic Compo-Semicon
2024-04-26,ARM,59.2366,62.2445,74.1508,75.3172,43.35,5651662.0,16660671.0,11617093.0,5503.64565806154,16224.330048318852,11312.842744089636,0.1694476631212469,94615.0,104691.8673,90.57,79.27,66.67,124.05,8.746488028867965,56.59479276579673,47.375744633303654,51.08682981209541,59.2255,59.32,Electronic Compo-Semicon
2024-04-29,ARM,58.794,61.4793,87.8621,74.2953,44.63,4009208.0,16655767.0,11628276.0,3904.2072945248065,16219.554340235167,11323.732762667274,0.0755293775908923,43163.0,106016.5618,90.66,79.07,48.47,123.16,8.746488028867965,56.13136578280879,46.82115799507739,50.15167722509388,59.2255,59.32,Electronic Compo-Semicon
2024-04-30,ARM,59.1975,62.3307,99.0498,75.3593,43.01,3783680.0,16651435.0,11629124.0,3684.585804296285,16215.33560506235,11324.558421114161,0.08045506895684272,47014.0,103931.9677,90.77,78.7,45.44,123.56,8.746488028867965,56.55386631251198,47.32684656989096,51.19182124607406,59.6065,60.39,Electronic Compo-Semicon
2024-05-01,ARM,59.5346,62.0165,94.7736,73.2713,38.54,6090454.0,16667359.0,11651858.0,5930.945518033982,16230.842258805887,11346.696811414782,0.144425627429831,85963.0,97852.7555,92.85,79.13,55.87,109.85,8.746488028867965,56.90662866313095,47.74782714595502,50.808785384517904,61.0099,59.99,Electronic Compo-Semicon
2024-05-02,ARM,58.6688,60.2853,90.0732,70.3511,41.71,4117395.0,16677538.0,11660266.0,4009.5608038878227,16240.75481467037,11354.884706593815,0.08666842879090744,52463.0,100635.6381,93.32,79.17,57.63,110.05,8.746488028867965,56.000213232482224,46.66384567778356,48.680630604892535,62.1386,56.25,Electronic Compo-Semicon
2024-05-03,ARM,58.8631,60.6243,94.787,70.4368,45.72,5780156.0,16701051.0,11668486.0,5628.7744180123145,16263.65250742696,11362.889772133285,0.15049144534587383,82435.0,104435.1437,93.74,79.27,56.55,61.82,8.746488028867965,56.20373946859299,46.90789849918668,49.09981823275927,63.1769,58.4,Electronic Compo-Semicon
2024-05-06,ARM,59.5079,62.2634,96.3609,72.436,50.73,7489247.0,16704720.0,11708040.0,7293.104085385356,16267.224418852584,11401.407158270405,0.16918114946801735,98300.0,109857.152,95.04,79.49,66.4,58.13,8.746488028867965,56.878695054066405,47.71453198355822,51.10985599236217,63.6835,57.07,Electronic Compo-Semicon
2024-05-07,ARM,60.1422,63.1833,98.9536,73.7791,51.45,8187311.0,16725162.0,11754912.0,7972.885855864998,16287.131091862853,11447.051617037358,0.14026841154264133,86091.0,110699.205,94.31,79.42,65.12,56.15,8.746488028867965,57.54198475446844,48.50330525685853,52.226581344081865,65.2291,61.36,Electronic Compo-Semicon
2024-05-08,ARM,61.549,64.8191,110.425,78.7946,49.82,15211317.0,16604662.0,11840329.0,14812.934052496114,16169.78747928192,11530.231908049596,0.3074788011873334,215356.0,108922.6745,94.24,79.2,50.41,53.21,8.746488028867965,59.0108057023752,50.237095865505594,54.1941152230572,66.8602,61.31,Electronic Compo-Semicon
2024-05-09,ARM,55.2707,53.8529,51.1615,52.1048,47.47,29441153.0,15381416.0,12026832.0,28670.092922853662,14978.578658419665,11711.850789524105,0.49161438877829683,371923.0,106375.9733,94.49,79.2,50.41,53.21,10.226793948110531,51.3468696286498,42.31237027737869,40.442814422465695,66.351,61.07,Electronic Compo-Semicon
2024-05-10,ARM,55.692,54.8276,54.1086,53.8163,52.68,15281029.0,14860535.0,12026245.0,14880.820755732453,14471.339441165157,11711.279142885183,0.35633083927846415,233453.0,111767.1682,94.67,79.49,58.11,57.87,10.226793948110531,51.80009272358071,42.86123264676367,41.731907717716425,66.67,61.09,Electronic Compo-Semicon
2024-05-13,ARM,59.9135,59.2052,59.7791,56.6628,59.31,16402548.0,13353438.0,12111034.0,15972.96631856641,13003.712314151728,11793.846795327934,0.3283122085419074,228176.0,120382.8183,97.25,80.17,73.92,65.81,10.226793948110531,56.314103246181226,48.21943469442586,47.33647755209506,67.3392,59.46,Electronic Compo-Semicon
2024-05-14,ARM,62.6861,61.4283,59.5517,56.075,58.74,8046116.0,12392838.0,12139203.0,7835.388862195771,12068.270558887854,11821.27823935592,0.14346578338537783,102132.0,119787.2177,96.62,79.97,64.69,65.55,10.226793948110531,59.255361574979524,51.623962780960554,50.08914494069548,70.3106,60.02,Electronic Compo-Semicon
2024-05-15,ARM,61.9934,60.9381,59.5969,55.5785,55.77,9544257.0,11869421.0,12187227.0,9294.293943093111,11558.562149816606,11868.044845104321,0.1337987693321903,96609.0,116727.0693,97.04,80.03,67.03,66.08,10.226793948110531,58.52206751073957,50.78058727072778,49.48675006110221,71.4067,60.24,Electronic Compo-Semicon
2024-05-16,ARM,61.0269,59.9788,58.2453,54.4612,56.26,6446297.0,11416241.0,12192223.0,6277.46926278542,11117.251031724212,11872.910157184107,0.10323401768180937,75596.0,117343.2043,86.37,80.01,66.14,58.8,10.226793948110531,57.4972457234393,49.59605754099815,48.30054709255372,73.3209,59.57,Electronic Compo-Semicon
2024-05-17,ARM,58.1403,57.2705,55.7649,52.4349,52.19,7523269.0,11121018.0,12226077.0,7326.2353800227565,10829.75971395811,11905.877335541569,0.16564130691340959,97546.0,113317.7807,86.79,80.14,61.3,59.72,10.226793948110531,54.42375608373204,45.99761824366562,44.89316841402486,72.2531,59.78,Electronic Compo-Semicon
2024-05-20,ARM,56.4485,55.6809,52.5876,50.9251,52.3,5260806.0,11029452.0,12240613.0,5123.026018316619,10740.59175795007,11920.032572792961,0.07408211999602003,44673.0,113430.7397,58.49,80.01,31.28,56.75,10.226793948110531,52.61258304266727,43.83970292155274,42.84680880544081,77.1897,65.19,Electronic Compo-Semicon
2024-05-21,ARM,56.934,56.0427,52.8326,51.6457,56.44,10468845.0,10863070.0,12261899.0,10194.667211039843,10578.567505797497,11940.761342858954,0.11504898174870941,70758.0,117856.6515,55.49,80.02,41.29,54.26,10.226793948110531,53.13314500546301,44.46309431427371,43.31593959837418,75.2089,70.81,Electronic Compo-Semicon
2024-05-22,ARM,57.6354,57.337,58.4245,54.0783,53.81,8406909.0,10644145.0,12284231.0,8186.732810207371,10365.375800797265,11962.508096122665,0.09248842982027337,58274.0,115453.7226,54.9,80.02,39.76,55.11,10.226793948110531,53.884042863648965,45.35775273489637,44.97797204187845,75.2089,70.81,Electronic Compo-Semicon
2024-05-23,ARM,57.0329,55.9053,50.5774,50.7792,53.91,8450553.0,10315366.0,12230878.0,8229.23388650948,10045.207625932617,11910.552563762787,0.14307166893458834,91368.0,115556.4105,53.2,79.99,39.59,54.51,10.226793948110531,53.23910615873973,44.589663403192446,43.13802230156129,73.5541,69.57,Electronic Compo-Semicon
2024-05-24,ARM,56.3029,54.9805,43.268,48.2321,56.09,4735978.0,10071912.0,12171395.0,4611.943199145236,9808.129609299132,11852.627354763963,0.10701431601545286,62410.0,117723.158,53.15,79.51,33.57,49.42,10.226793948110531,52.456336991650105,43.6520669431586,41.9325861383483,69.8146,72.19,Electronic Compo-Semicon
2024-05-27,ARM,59.2255,59.2369,55.823,54.6661,64.7,16202680.0,9790094.0,12296893.0,15778.332998822221,9533.692155974903,11974.83827396986,0.3776335826699856,242278.0,128300.1721,59.32,80.43,69.69,54.02,10.226793948110531,55.58156702020517,47.36186493635992,47.37611973990693,69.5694,75.24,Electronic Compo-Semicon
2024-05-28,ARM,59.2255,59.2369,55.823,54.6661,64.7,16202680.0,9790094.0,12296893.0,15778.332998822221,9533.692155974903,11974.83827396986,0.3776335826699856,242278.0,128300.1721,59.32,80.43,69.69,54.02,10.226793948110531,55.58156702020517,47.36186493635992,47.37611973990693,70.6103,75.47,Electronic Compo-Semicon
2024-05-29,ARM,59.6065,59.1327,52.9135,53.5433,59.87,8166773.0,9766033.0,12329372.0,7793.947545635286,9320.198924464192,11766.517648846662,0.14706392482868585,96661.0,126421.3233,60.39,80.25,68.81,56.74,10.226793948110531,55.98736986518976,47.83744602557707,47.24576816276776,70.315,69.49,Electronic Compo-Semicon
2024-05-30,ARM,61.0099,60.3964,54.0007,54.6346,59.93,6809687.0,9710631.0,12354711.0,6498.814463382488,9267.32597127744,11790.69971023789,0.13159824485788857,87935.0,126505.152,59.99,80.11,67.24,55.23,10.226793948110531,57.47920180536225,49.575137902077486,48.81814757812918,69.3363,68.78,Electronic Compo-Semicon
2024-05-31,ARM,62.1386,61.5732,54.8906,55.7099,59.67,9110420.0,9698781.0,12388928.0,8694.515994981248,9256.017454334731,11823.355307073773,0.1937639234250048,119768.0,126285.0996,56.25,79.85,67.24,55.18,10.226793948110531,58.67585834166859,50.95774730068039,50.266742069085794,68.0685,69.55,Electronic Compo-Semicon
2024-06-03,ARM,63.1769,62.6764,57.0438,56.9232,64.86,11447937.0,9653590.0,12436942.0,10925.321381170552,9212.889032500287,11869.176808797782,0.28983578605128707,189701.0,133200.8186,58.4,80.17,76.03,58.77,10.226793948110531,59.77433760219815,52.21883849349773,51.61218380343928,67.9835,70.25,Electronic Compo-Semicon
2024-06-04,ARM,63.6835,62.8813,55.3512,56.3556,63.28,6879787.0,9618094.0,12451883.0,6565.714442886826,9179.013636445885,11883.43593402484,0.07512745158649141,49824.0,131880.5439,57.07,80.18,45.82,58.98,10.226793948110531,60.309525901150636,52.830621539501124,51.86081651584364,68.1841,68.51,Electronic Compo-Semicon
2024-06-05,ARM,65.2291,65.13,63.7379,60.7167,70.11,12612251.0,9674426.0,12499446.0,12036.483113324504,9232.774163795782,11928.827828189553,0.20821488446679787,142825.0,143207.6403,61.36,81.01,70.05,69.43,10.226793948110531,61.93937543260797,54.68383569950082,54.56558714061454,70.4836,73.09,Electronic Compo-Semicon
2024-06-06,ARM,66.8602,66.2238,62.515,60.853,70.34,8874515.0,9587378.0,12526966.0,8469.380166173398,9149.699907973245,11955.09133543957,0.1148497415213316,80868.0,143684.4073,61.31,80.83,70.08,68.67,10.226793948110531,63.65482767403867,56.61954383461598,55.86660976325662,70.4836,73.09,Electronic Compo-Semicon
2024-06-07,ARM,66.351,65.8181,57.1626,57.9089,69.63,6610104.0,9467975.0,12554734.0,6308.342564967657,9035.74734929279,11981.59104365781,0.16564808409714157,107279.0,143102.8664,61.07,80.71,70.13,68.7,10.226793948110531,63.11977458112124,56.01733304076515,55.38509445338159,70.6408,67.61,Electronic Compo-Semicon
2024-06-10,ARM,66.67,65.5787,56.5302,57.544,71.49,8883753.0,9447483.0,12475277.0,8478.196214693751,9016.191086017765,11905.761702138278,0.18229226529920575,123709.0,146602.6323,61.09,80.7,61.48,69.14,10.226793948110531,63.455020622260925,56.39481625114138,55.10038378895377,69.3987,67.76,Electronic Compo-Semicon
2024-06-11,ARM,67.3392,67.2478,61.0696,60.6275,73.53,11434769.0,9339771.0,12505751.0,10912.754897574776,8913.396652129733,11934.844986645612,0.22667690630447496,159683.0,150804.4458,59.46,80.59,64.28,55.82,10.226793948110531,64.15776335574333,57.184388224759395,57.076729100746476,69.1565,68.2,Electronic Compo-Semicon
2024-06-12,ARM,70.3106,72.6955,68.2275,65.8823,78.26,17284330.0,9469718.0,12598332.0,16495.274965152203,9037.411473424263,12023.199652070742,0.34017079942991146,239634.0,163032.6812,60.02,81.28,61.44,65.88,10.226793948110531,67.26983881749352,60.65531198798667,63.404432970021894,68.7435,72.35,Electronic Compo-Semicon
2024-06-13,ARM,71.4067,73.9593,71.4998,67.7696,79.05,15371944.0,9553861.0,12665116.0,14670.191566858766,9117.712832751724,12086.934348478502,0.26618067493164926,204550.0,165610.3629,60.24,80.63,62.39,66.35,10.226793948110531,68.41467347770914,61.92255812617886,64.84955247717598,68.193,73.37,Electronic Compo-Semicon
2024-06-14,ARM,73.3209,76.6105,72.5212,70.5824,78.85,22260010.0,9766234.0,12748516.0,21243.807458312996,9320.390902287554,12166.527296403845,0.5446306881611732,397606.0,165442.7054,59.57,80.48,62.33,66.35,10.226793948110531,70.41026288107125,64.12051759624215,67.85760908144347,67.1585,68.58,Electronic Compo-Semicon
2024-06-17,ARM,72.2531,74.403,65.121,67.6073,79.67,12826931.0,9871165.0,12794664.0,12241.362999098541,9420.532003251328,12210.569034439972,0.17972777019231786,135844.0,167957.5036,59.78,80.51,60.87,61.18,10.226793948110531,69.29762767787625,62.896715809412505,65.3551284062697,66.5616,68.41,Electronic Compo-Semicon
2024-06-18,ARM,77.1897,83.1131,84.8689,80.2144,83.56,22339063.0,10096620.0,12935418.0,21319.250885657235,9635.693980412005,12344.896545251093,0.41483542646997773,339761.0,182459.5555,65.19,81.33,82.22,73.8,10.226793948110531,74.43050804785334,68.51084721480241,75.12172649513589,67.2355,76.73,Electronic Compo-Semicon
2024-06-19,ARM,75.2089,78.9361,74.2931,73.2952,70.62,22162341.0,10384179.0,13121070.0,21150.59655043359,9910.125493353113,12522.073271952528,0.31739153548539534,268664.0,168460.476,70.81,81.42,83.11,73.08,10.226793948110531,72.37423147351245,66.27114786398377,70.47264918541093,66.9933,76.9,Electronic Compo-Semicon
2024-06-20,ARM,75.2089,78.9361,74.2931,73.2952,70.62,22162341.0,10384179.0,13121070.0,21150.59655043359,9910.125493353113,12522.073271952528,0.31739153548539534,268664.0,168460.476,70.81,81.42,83.11,73.08,10.226793948110531,72.37423147351245,66.27114786398377,70.47264918541093,67.0418,72.18,Electronic Compo-Semicon
2024-06-21,ARM,73.5541,76.2968,67.4592,70.0522,70.18,21934971.0,10625073.0,13254355.0,20933.606488034213,10140.022391123159,12649.273701921407,0.2644192899028503,181270.0,167967.9922,69.57,81.42,82.39,73.08,10.226793948110531,70.65307048516405,64.38704859527265,67.50324503488703,66.0958,66.67,Electronic Compo-Semicon
2024-06-24,ARM,69.8146,71.2511,62.5839,64.5267,61.89,9260941.0,10565912.0,13282558.0,8838.164814841293,10083.561883733995,12676.188819979388,0.13402895069730114,94193.0,158296.4774,72.19,81.73,92.52,78.88,10.226793948110531,66.75124804325054,60.079653570572454,61.743061563304416,66.9716,68.76,Electronic Compo-Semicon
2024-06-25,ARM,69.5694,71.5532,64.7217,65.5234,66.56,10333156.0,10389924.0,13258962.0,9861.43199663627,9915.608452656583,12653.670583216242,0.15413419708264822,112208.0,168292.8185,75.24,82.18,101.66,83.79,10.226793948110531,66.49475286465511,59.79454671088326,62.09143926693921,68.2817,71.95,Electronic Compo-Semicon
2024-06-26,ARM,70.6103,73.2734,67.5217,67.3034,68.25,11598298.0,10394447.0,13319376.0,11068.81833335456,9919.924933699953,12711.326546157265,0.1730281612018827,131019.0,172599.422,75.47,82.23,84.85,83.55,10.226793948110531,67.58302455692228,61.0024660656436,64.06619660601056,67.4673,71.41,Electronic Compo-Semicon
2024-06-27,ARM,70.315,72.8361,64.6961,67.3203,69.14,8980296.0,10419819.0,13360802.0,8570.332233661162,9944.138884131993,12750.861669611393,0.1739949344955709,135335.0,174920.3732,69.49,82.06,63.86,74.12,10.226793948110531,67.27443769494889,60.6604123378666,63.56558709875966,65.6904,70.87,Electronic Compo-Semicon
2024-06-28,ARM,69.3363,70.66,62.0134,64.0663,66.2,7095948.0,10367059.0,13344155.0,6772.007600918906,9893.787602047641,12734.97481771851,0.18068183275870178,126768.0,171446.7969,68.78,82.08,65.4,74.38,10.226793948110531,66.25083576726831,59.52317949916653,61.05998689813157,64.8064,72.98,Electronic Compo-Semicon
2024-07-01,ARM,68.0685,68.0911,57.5182,61.8645,62.02,8387526.0,10420641.0,13321828.0,8004.62284766511,9944.92309602567,12713.66655453167,0.13268150024370837,95547.0,166427.6731,69.55,82.16,54.31,75.86,10.226793948110531,64.92281135642202,58.04142565659462,58.06792831856497,65.2817,75.74,Electronic Compo-Semicon
2024-07-02,ARM,67.9835,68.2583,57.7742,72.0293,64.43,5753481.0,10431922.0,13261762.0,5490.825792920742,9955.688806018015,12656.342282033464,0.1588635895527842,119552.0,171279.1554,70.25,82.24,38.41,76.85,10.226793948110531,64.83368734247313,57.941717891774665,58.263898933130115,65.3606,80.11,Electronic Compo-Semicon
2024-07-03,ARM,68.1841,68.7372,60.2314,79.0492,66.71,6649290.0,10475943.0,13236987.0,6345.739797947965,9997.700268169143,12632.698410028715,0.14048571469429302,108064.0,176287.8065,68.51,82.12,39.65,66.23,10.226793948110531,65.04400229830235,58.176953278854334,58.824221744448096,63.4018,99.13,Electronic Compo-Semicon
2024-07-04,ARM,70.4836,71.7728,67.6039,84.2039,71.83,14231323.0,10712918.0,13347807.0,13581.641716666907,10223.857192759368,12738.459549911035,0.38070190416985716,285381.0,189857.2697,73.09,82.68,65.22,64.55,10.226793948110531,67.45063833005258,60.85576611102682,62.34437600810518,65.7189,101.45,Electronic Compo-Semicon
2024-07-05,ARM,70.4836,71.7728,67.6039,84.2039,71.83,14231323.0,10712918.0,13347807.0,13581.641716666907,10223.857192759368,12738.459549911035,0.38070190416985716,285381.0,189857.2697,73.09,82.68,65.22,64.55,10.226793948110531,67.45063833005258,60.85576611102682,62.34437600810518,69.7963,98.58,Electronic Compo-Semicon
2024-07-08,ARM,70.6408,71.7524,65.0908,83.5202,72.96,9516780.0,10754416.0,13365088.0,9082.324964306124,10263.461056505796,12754.952031311874,0.1597076721935748,124476.0,193535.1656,67.61,81.81,65.09,65.24,10.226793948110531,67.61489012644745,61.037767199005565,62.32088980237685,67.8721,98.78,Electronic Compo-Semicon
2024-07-09,ARM,69.3987,70.0474,62.8347,81.1109,70.89,9258555.0,10694116.0,13364729.0,8835.888226527959,10205.913736811444,12754.609290741028,0.14273162737930165,113229.0,190999.4063,67.76,81.81,62.29,58.43,10.226793948110531,66.31613909043229,59.595855239185894,60.35001778591287,68.2625,100.64,Electronic Compo-Semicon
2024-07-10,ARM,69.1565,69.6227,63.0323,80.8364,72.37,6986366.0,10726566.0,13372764.0,6667.427741713232,10236.881909954034,12762.276937249495,0.09931080728681593,79974.0,195379.3659,68.2,81.87,61.01,50.98,10.226793948110531,66.06263871827676,59.313640018548845,59.85655148177181,67.0543,106.22,Electronic Compo-Semicon
2024-07-11,ARM,68.7435,69.1192,64.1374,80.3042,61.88,10662180.0,10799519.0,13398456.0,10175.435451243933,10306.504719389695,12786.796337553107,0.15769633303726663,129431.0,181474.5878,72.35,82.48,77.79,61.74,10.226793948110531,65.6301724393709,58.831583288655416,59.2701460150049,67.0596,103.18,Electronic Compo-Semicon
2024-07-12,ARM,68.193,68.4762,59.887,78.8031,65.38,8999709.0,10864823.0,13419285.0,8588.85922201185,10368.828060893575,12806.675163058637,0.17155775331510362,131627.0,189846.7811,73.37,81.89,65.61,65.42,10.226793948110531,65.05333189907769,58.187383933289176,58.51902567917549,66.0456,101.99,Electronic Compo-Semicon
2024-07-15,ARM,67.1585,66.9134,58.9542,75.7473,62.68,5469526.0,10872343.0,13430833.0,5219.834023681891,10376.004412181173,12817.695547985242,0.07795749231386179,61236.0,186022.1889,68.58,81.92,65.79,65.44,10.226793948110531,63.96807691670557,56.97148867854868,56.68235615744991,65.5462,103.54,Electronic Compo-Semicon
2024-07-16,ARM,66.5616,65.9825,57.3114,73.9935,63.24,5767464.0,10899697.0,13370013.0,5504.170544155601,10402.109344353285,12759.651682191248,0.08128743846654046,64879.0,187321.5103,68.41,81.9,65.3,63.81,10.226793948110531,63.341118846540425,56.26662416175329,55.58036259552469,65.9571,103.68,Electronic Compo-Semicon
2024-07-17,ARM,67.2355,67.6691,67.6885,77.4458,51.66,12350620.0,10782139.0,13411762.0,11786.796017511973,10289.918483886682,12799.495323264615,0.17498258076576653,144151.0,169434.9551,76.73,83.1,95.3,80.01,10.226793948110531,64.04891257797871,57.06223672666539,57.57250641417307,65.5689,98.43,Electronic Compo-Semicon
2024-07-18,ARM,66.9933,67.1132,70.6904,77.132,49.53,10996288.0,10766576.0,13441819.0,10494.29094472789,10275.065642380832,12828.179783247884,0.1537197560015271,128445.0,165903.7555,76.9,83.15,80.98,79.4,10.226793948110531,63.79461565885917,56.77665580932008,56.91808161067976,65.02,98.16,Electronic Compo-Semicon
2024-07-19,ARM,67.0418,66.7008,73.0871,76.5143,52.76,7106840.0,10406380.0,13408639.0,6782.4024188336525,9931.31361945705,12796.515130053196,0.14181512541498406,97523.0,171216.2718,72.18,83.21,77.68,71.9,10.226793948110531,63.84554557219759,56.833874997575165,56.43122469555308,64.6197,97.7,Electronic Compo-Semicon
2024-07-22,ARM,66.0958,65.3968,85.3445,73.3049,52.85,6179128.0,10260890.0,13378660.0,5897.041489739642,9792.464899845836,12767.903998285869,0.09682637248875804,68839.0,171373.4567,66.67,83.16,76.32,71.25,10.226793948110531,62.85145598800046,55.71482008981093,54.883766727876825,65.3263,97.9,Electronic Compo-Semicon
2024-07-23,ARM,66.9716,67.0147,93.8916,74.2423,57.72,8036757.0,10209670.0,13381353.0,7669.867204792507,9743.583525637758,12770.474524793002,0.15569976077362918,115265.0,179913.3075,68.76,83.0,83.62,75.02,10.226793948110531,63.771827233752354,56.75104938730207,56.80190503926784,64.6816,96.49,Electronic Compo-Semicon
2024-07-24,ARM,68.2817,68.9881,101.9813,77.7412,48.82,9321071.0,10171336.0,13423166.0,8895.550631788972,9706.999805165942,12810.379063941069,0.12717920585231532,95514.0,165222.653,71.95,83.48,74.66,85.6,10.226793948110531,65.14630685665581,58.291311144029,59.117208506576155,65.4506,91.96,Electronic Compo-Semicon
2024-07-25,ARM,67.4673,68.2861,102.6981,77.5407,43.98,15995964.0,10330289.0,13494784.0,15265.724467102207,9858.695952275011,12878.727051840038,0.20125073056691992,154953.0,156274.1471,71.41,83.81,83.14,82.07,10.226793948110531,64.29220257124155,57.335180903961565,58.296465186235785,64.9231,91.23,Electronic Compo-Semicon
2024-07-26,ARM,65.6904,66.2878,99.5597,74.0199,43.9,8156191.0,10370685.0,13489538.0,7783.848725979455,9897.247774700745,12873.720487339182,0.1395977813413305,100546.0,156127.4508,70.87,83.8,80.08,78.89,10.226793948110531,62.424990142823084,55.23327848462374,55.942459982020814,66.3793,92.91,Electronic Compo-Semicon
2024-07-29,ARM,64.8064,66.1084,94.6771,72.6355,39.64,9603111.0,10460909.0,13509586.0,9164.714516077613,9983.352745133005,12892.853047350894,0.11525669798943772,86533.0,148205.8189,72.98,84.12,88.2,82.47,10.226793948110531,61.49406656850365,54.17892469364816,55.72976718558943,65.7936,91.35,Electronic Compo-Semicon
2024-07-30,ARM,65.2817,66.924,99.7079,75.5832,35.28,11738909.0,10589219.0,13568481.0,11203.009750909705,10105.804867515228,12949.058975415268,0.12322835000857069,95613.0,139320.1805,75.74,84.5,92.27,88.05,10.226793948110531,61.99476669091964,54.74656843026784,56.694869044738084,67.1881,90.21,Electronic Compo-Semicon
2024-07-31,ARM,65.3606,66.7374,99.0253,75.3889,44.52,16512997.0,10757325.0,13667341.0,15759.154285783536,10266.237217708958,13043.406687194034,0.19609913856466646,166748.0,151066.4046,80.11,85.1,90.32,82.86,10.226793948110531,62.07784447394706,54.84062757080739,56.47448059752298,66.2609,87.57,Electronic Compo-Semicon
2024-08-01,ARM,63.4018,64.0552,74.9034,68.7654,34.6,31205165.0,11194224.0,13874626.0,29780.60218640619,10683.19080285333,13241.22841174428,0.39977539574731347,356694.0,127322.4623,99.13,85.1,90.32,82.86,10.339844347118387,59.93445352007021,52.490710066067884,53.278091623480655,66.2609,87.57,Electronic Compo-Semicon
2024-08-02,ARM,65.7189,67.7267,78.2938,73.0566,31.42,14669989.0,11337609.0,13963467.0,13998.081483619753,10818.32948964179,13323.919251734646,0.2524522899246738,206483.0,118895.5968,101.45,85.59,94.71,89.11,10.339844347118387,62.38048006163031,55.26717124306255,57.640196849854696,66.2609,87.57,Electronic Compo-Semicon
2024-08-05,ARM,69.7963,73.9631,88.9322,81.4711,30.23,15552582.0,11467662.0,14052782.0,14840.25041026475,10942.425875026893,13409.143500472212,0.12075728622890579,101806.0,115751.5968,98.58,85.65,96.6,88.72,10.339844347118387,66.66238796502459,60.05838737170688,64.85388624909073,66.2609,87.57,Electronic Compo-Semicon
2024-08-06,ARM,67.8721,69.5597,76.2915,72.4996,32.99,11424968.0,11519883.0,14085853.0,10901.687077944629,10992.25482649352,13440.699495344546,0.11790426019239579,102954.0,118832.7194,98.78,85.69,91.17,89.7,10.339844347118387,64.64497222460116,57.810970917378654,59.78326073484116,66.2609,87.57,Electronic Compo-Semicon
2024-08-07,ARM,68.2625,70.1009,78.6261,74.2762,30.29,13228487.0,11487902.0,14136083.0,12622.60252662462,10961.738920771213,13488.629273504623,0.15110426126633744,136769.0,112230.3162,100.64,86.07,89.63,90.96,10.339844347118387,65.05474142412262,58.268819331182605,60.412106243781956,66.2609,87.57,Electronic Compo-Semicon
2024-08-08,ARM,67.0543,68.0858,71.5849,68.8192,40.3,9931650.0,11173232.0,14033931.0,9476.765244269092,10661.480890260455,13391.155501983114,0.14280500880588723,132655.0,124114.6403,106.22,87.23,99.18,94.86,10.339844347118387,63.78581052239954,56.84861958297668,58.061713388772816,66.2609,87.57,Electronic Compo-Semicon
2024-08-09,ARM,67.0596,66.8293,65.572,66.1749,39.6,6421299.0,11030333.0,13239610.0,6127.1937022900765,10525.126908396947,12633.215648854963,0.10575835557977352,92385.0,122616.0,103.18,87.14,86.82,90.85,10.339844347118387,63.791382079944434,56.85487096247779,56.583051689441426,66.2609,87.57,Electronic Compo-Semicon
2024-08-12,ARM,66.0456,65.6074,63.0979,64.445,39.7,6345188.0,10868118.0,12908250.0,6054.568845328196,10370.34184805093,12317.032733735816,0.10630910417521854,96600.0,122752.2371,101.99,87.14,84.71,90.85,10.339844347118387,62.724570583380284,55.65525742784772,55.13453849230988,66.2609,87.57,Electronic Compo-Semicon
2024-08-13,ARM,65.5462,65.1648,62.0839,63.6572,44.9,8894429.0,10881800.0,12095114.0,8487.050507099175,10383.396866527552,11541.139224015653,0.11834847276079419,110666.0,129731.921,103.54,87.16,91.48,91.33,10.339844347118387,62.1985113161839,55.061699342101676,54.60712003978968,66.2609,87.57,Electronic Compo-Semicon
2024-08-14,ARM,65.9571,65.5304,60.7541,62.6585,46.41,11101703.0,10906920.0,11639065.0,10593.228205954812,10407.36656205743,11105.978213337308,0.11640623035200819,111086.0,131964.1581,103.68,87.17,82.88,86.32,10.339844347118387,62.63137804582824,55.550206483954675,55.04288986018085,66.2609,87.57,Electronic Compo-Semicon
2024-08-15,ARM,65.5689,64.7986,59.4045,60.9061,49.51,8011345.0,10932163.0,11365190.0,7644.413022545287,10431.453045872791,10844.646740304092,0.11980815799138798,117109.0,136701.1226,98.43,79.39,48.89,78.19,10.339844347118387,62.22243263260812,55.08871978191179,54.16959444153149,66.2609,87.57,Electronic Compo-Semicon
2024-08-16,ARM,65.02,64.7362,58.6043,60.4324,49.42,6100567.0,10909216.0,11135856.0,5821.151581145061,10409.557007972046,10625.816544888978,0.10667609238710131,85108.0,136554.4032,98.16,73.26,48.13,70.19,10.339844347118387,61.64374157616859,54.434242899116356,54.09493497953389,66.2609,87.57,Electronic Compo-Semicon
2024-08-19,ARM,64.6197,63.964,59.0612,58.5986,50.83,6272107.0,10925528.0,10978315.0,5984.835035884463,10425.122332883782,10475.491608637407,0.06409079498525799,52083.0,138660.8774,97.7,72.92,49.33,69.32,10.339844347118387,61.221369664517105,53.95546337573239,53.168408815762014,66.2609,87.57,Electronic Compo-Semicon
2024-08-20,ARM,65.3263,65.0009,62.4109,60.4439,49.12,5847701.0,10850993.0,10937916.0,5579.867497522358,10354.001197486436,10436.942993328448,0.06968434678300392,57279.0,136187.5968,97.9,72.53,32.49,68.65,10.339844347118387,61.966732584504214,54.79974335423479,54.41142711609391,66.2609,87.57,Electronic Compo-Semicon
2024-08-21,ARM,64.6816,64.4128,61.1983,58.6264,50.1,6235306.0,10815967.0,10820735.0,5949.719604117474,10320.579438665505,10325.129057092,0.03541474083606726,29308.0,137497.5968,96.49,72.31,30.9,62.55,10.339844347118387,61.286702098166906,54.029582439252664,53.70749671917321,66.2609,87.57,Electronic Compo-Semicon
2024-08-22,ARM,65.4506,65.4873,66.6,61.6647,48.91,4736284.0,10756060.0,10681508.0,4519.354918615363,10263.415932389604,10192.278528489709,0.050320343619522964,41941.0,135946.5613,91.96,71.95,19.82,37.3,10.339844347118387,62.09775773624564,54.94786110814505,54.991570820353914,66.2609,87.57,Electronic Compo-Semicon
2024-08-23,ARM,64.9231,65.1135,63.1569,59.8815,53.68,7286758.0,10797201.0,10506661.0,6953.013109304115,10302.672340263187,10025.439525782835,0.10715793160711068,85049.0,142140.2451,91.23,72.2,37.32,43.06,10.339844347118387,61.541525729538556,54.318461995991754,54.54589152493522,66.2609,87.57,Electronic Compo-Semicon
2024-08-26,ARM,66.3793,66.6863,68.9036,62.9295,48.38,6042284.0,10721726.0,10394261.0,5765.538441091725,10230.655064848426,9918.188446991322,0.06258208279741873,50749.0,135087.1936,92.91,72.33,50.8,50.07,10.339844347118387,63.07584279262114,56.0508507383251,56.41408518880724,66.2609,87.57,Electronic Compo-Semicon
2024-08-27,ARM,65.7936,66.2636,65.2653,62.5831,50.28,4241383.0,10531865.0,10218619.0,4047.1212773953007,10049.48973769991,9750.590875781765,0.043553953720944165,35625.0,137497.5968,91.35,72.18,50.74,42.6,10.339844347118387,62.459172876923816,55.35597710238706,55.913782602860984,66.2609,87.57,Electronic Compo-Semicon
2024-08-28,ARM,67.1881,68.857,72.6937,65.4919,45.73,7388108.0,10519505.0,10139146.0,7049.721390148978,10037.695633615416,9674.757655687145,0.08814270221613611,73636.0,131335.3597,90.21,71.29,59.9,47.66,10.339844347118387,63.92645193595102,57.006378429172294,58.964165804325596,66.2609,87.57,Electronic Compo-Semicon
2024-08-29,ARM,66.2609,67.3598,63.0193,60.7603,51.32,9715222.0,10565624.0,10139402.0,9270.25051627055,10081.702851537566,9675.002447208579,0.08443553315363371,71295.0,138262.6323,87.57,71.19,69.68,51.22,10.339844347118387,62.95122988726636,55.910582797982,57.20864494147717,66.2609,87.57,Electronic Compo-Semicon
